{"Model":{"0":"hit","1":"payment","2":"combined"},"False positive hit reduction [%]":{"0":15.1597387723,"1":25.5864551743,"2":14.8855458479},"False positive payment reduction [%]":{"0":9.6615405685,"1":17.4447116208,"2":9.7018364934}}
